dt1,open,high,low,close,volume
2022-10-31 07:00:00,1586.84,1591.96,1580.0,1591.17,12588.8219
2022-10-31 08:00:00,1591.16,1591.96,1578.6,1582.62,17407.4139
2022-10-31 09:00:00,1582.62,1623.0,1579.45,1620.76,55192.4694
2022-10-31 10:00:00,1620.77,1630.0,1615.15,1623.06,34623.3072
2022-10-31 11:00:00,1623.07,1635.8,1620.17,1621.27,37614.3764
2022-10-31 12:00:00,1621.27,1624.89,1610.75,1617.63,35132.845
2022-10-31 13:00:00,1617.63,1625.42,1555.0,1559.33,94678.0222
2022-10-31 14:00:00,1558.68,1575.4,1545.43,1557.21,98911.1028
2022-10-31 15:00:00,1557.22,1579.0,1551.0,1569.44,44996.8528
2022-10-31 16:00:00,1569.43,1583.89,1555.51,1563.82,71175.3246
2022-10-31 17:00:00,1563.82,1570.51,1558.06,1562.74,20094.7877
2022-10-31 18:00:00,1562.75,1575.84,1561.5,1571.26,17258.9252
2022-10-31 19:00:00,1571.25,1571.62,1560.0,1563.69,15997.3673
2022-10-31 20:00:00,1563.69,1570.28,1557.8,1564.79,15002.008
2022-10-31 21:00:00,1564.79,1567.28,1557.53,1557.71,12326.5805
2022-10-31 22:00:00,1557.71,1571.28,1550.54,1565.83,29019.0863
2022-10-31 23:00:00,1565.84,1577.75,1564.74,1572.69,16963.7467
2022-11-01 00:00:00,1572.69,1576.46,1568.8,1570.11,21181.2714
2022-11-01 01:00:00,1570.11,1584.37,1569.68,1581.18,18171.1009
2022-11-01 02:00:00,1581.18,1600.46,1578.62,1598.35,29111.9684
2022-11-01 03:00:00,1598.35,1604.73,1583.94,1586.81,19500.0908
2022-11-01 04:00:00,1586.81,1593.67,1580.32,1589.63,16578.1697
2022-11-01 05:00:00,1589.62,1596.68,1585.39,1589.43,16915.1752
2022-11-01 06:00:00,1589.43,1602.85,1587.43,1595.77,19567.1285
2022-11-01 07:00:00,1595.77,1599.69,1585.47,1591.11,19788.4957
2022-11-01 08:00:00,1591.12,1595.44,1586.05,1587.79,12859.9133
2022-11-01 09:00:00,1587.8,1612.92,1586.0,1597.56,40834.8919
2022-11-01 10:00:00,1597.56,1610.0,1592.36,1606.69,28455.0549
2022-11-01 11:00:00,1606.69,1607.35,1582.49,1590.28,34073.7928
2022-11-01 12:00:00,1590.28,1598.39,1585.78,1597.01,19983.1295
2022-11-01 13:00:00,1597.01,1597.84,1570.57,1578.7,52245.7869
2022-11-01 14:00:00,1578.7,1580.46,1563.69,1569.44,57195.4828
2022-11-01 15:00:00,1569.44,1575.84,1567.56,1574.28,18372.8023
2022-11-01 16:00:00,1574.29,1585.11,1568.43,1572.62,24115.6746
2022-11-01 17:00:00,1572.62,1578.44,1569.05,1578.44,11942.6624
2022-11-01 18:00:00,1578.44,1586.45,1576.97,1583.85,13451.9563
2022-11-01 19:00:00,1583.85,1586.79,1575.42,1576.76,11178.8945
2022-11-01 20:00:00,1576.76,1578.79,1573.0,1575.8,9266.4815
2022-11-01 21:00:00,1575.8,1581.33,1569.03,1572.68,6521.7935
2022-11-01 22:00:00,1572.68,1579.86,1569.5,1578.51,14893.462
2022-11-01 23:00:00,1578.52,1583.02,1576.71,1578.48,11334.1167
2022-11-02 00:00:00,1578.47,1592.44,1572.09,1587.54,25536.8537
2022-11-02 01:00:00,1587.55,1591.06,1585.33,1586.01,9834.0282
2022-11-02 02:00:00,1586.0,1593.21,1578.28,1590.08,18978.0296
2022-11-02 03:00:00,1590.08,1595.79,1588.9,1590.74,15964.2859
2022-11-02 04:00:00,1590.75,1595.0,1586.99,1590.18,24461.3198
2022-11-02 05:00:00,1590.18,1600.2,1585.28,1585.94,25664.5374
2022-11-02 06:00:00,1585.93,1588.18,1582.91,1587.25,14656.5103
2022-11-02 07:00:00,1587.25,1588.78,1554.09,1564.76,84932.5741
2022-11-02 08:00:00,1564.76,1574.06,1561.02,1574.01,15323.4621
2022-11-02 09:00:00,1574.0,1578.67,1557.69,1558.76,23134.5746
2022-11-02 10:00:00,1558.76,1559.0,1536.25,1548.56,48901.3042
2022-11-02 11:00:00,1548.55,1558.49,1548.52,1555.94,14262.3525
2022-11-02 12:00:00,1555.95,1559.32,1546.02,1553.6,21826.7145
2022-11-02 13:00:00,1553.59,1558.12,1548.24,1553.24,27057.3525
2022-11-02 14:00:00,1553.24,1567.13,1552.02,1560.21,24839.5482
2022-11-02 15:00:00,1560.22,1561.61,1556.0,1558.5,11412.4789
2022-11-02 16:00:00,1558.51,1576.06,1550.06,1570.95,23511.8447
2022-11-02 17:00:00,1570.95,1572.32,1549.4,1560.48,37015.2442
2022-11-02 18:00:00,1560.48,1621.68,1528.39,1563.69,265703.7326
2022-11-02 19:00:00,1563.68,1588.71,1524.0,1535.92,114298.7933
2022-11-02 20:00:00,1535.93,1537.51,1503.0,1511.27,66184.3496
2022-11-02 21:00:00,1511.27,1514.31,1502.32,1514.3,28708.7844
2022-11-02 22:00:00,1514.3,1516.19,1506.2,1511.5,22808.4566
2022-11-02 23:00:00,1511.5,1523.77,1508.15,1518.34,16378.2329
2022-11-03 00:00:00,1518.33,1538.0,1515.17,1531.49,31912.3421
2022-11-03 01:00:00,1531.49,1547.77,1529.58,1543.2,32155.8529
2022-11-03 02:00:00,1543.19,1549.99,1542.08,1543.59,20493.9841
2022-11-03 03:00:00,1543.59,1556.19,1543.58,1547.35,25562.4956
2022-11-03 04:00:00,1547.35,1559.01,1547.35,1553.34,21254.1786
2022-11-03 05:00:00,1553.34,1554.02,1548.69,1551.76,13354.3399
2022-11-03 06:00:00,1551.76,1552.5,1546.34,1547.45,15269.3592
2022-11-03 07:00:00,1547.44,1555.17,1542.0,1544.04,23389.6749
2022-11-03 08:00:00,1544.04,1548.73,1539.47,1543.78,15876.6362
2022-11-03 09:00:00,1543.79,1556.74,1543.63,1552.4,30769.3281
2022-11-03 10:00:00,1552.39,1555.0,1542.77,1544.22,16239.9969
2022-11-03 11:00:00,1544.22,1544.65,1523.1,1531.95,35186.0745
2022-11-03 12:00:00,1531.95,1539.21,1522.05,1529.77,34748.4477
2022-11-03 13:00:00,1529.76,1540.33,1524.53,1525.61,39213.5851
2022-11-03 14:00:00,1525.6,1556.0,1525.09,1551.79,56149.6872
2022-11-03 15:00:00,1551.8,1554.8,1534.94,1542.46,32544.2911
2022-11-03 16:00:00,1542.47,1549.14,1539.15,1546.8,14822.8061
2022-11-03 17:00:00,1546.81,1547.57,1540.84,1541.01,11423.0547
2022-11-03 18:00:00,1541.01,1547.18,1538.34,1545.23,11489.3704
2022-11-03 19:00:00,1545.23,1548.0,1540.77,1544.13,10472.2949
2022-11-03 20:00:00,1544.14,1544.42,1538.47,1540.72,10336.5029
2022-11-03 21:00:00,1540.71,1543.9,1539.46,1543.2,6072.0079
2022-11-03 22:00:00,1543.2,1543.64,1524.11,1531.21,34763.239
2022-11-03 23:00:00,1531.21,1534.03,1525.39,1531.01,16703.3313
2022-11-04 00:00:00,1531.01,1540.58,1528.4,1538.61,17933.6033
2022-11-04 01:00:00,1538.61,1543.61,1536.41,1538.46,12144.9385
2022-11-04 02:00:00,1538.47,1544.62,1537.64,1541.28,21192.1829
2022-11-04 03:00:00,1541.29,1549.89,1537.96,1548.92,17121.4578
2022-11-04 04:00:00,1548.93,1551.47,1546.53,1551.0,18330.9914
2022-11-04 05:00:00,1551.01,1566.28,1547.93,1561.97,29447.6075
2022-11-04 06:00:00,1561.96,1588.19,1557.36,1582.18,44473.7815
2022-11-04 07:00:00,1582.18,1587.79,1574.33,1587.43,29962.8509
2022-11-04 08:00:00,1587.43,1588.32,1578.42,1579.33,22718.476
2022-11-04 09:00:00,1579.34,1585.3,1577.57,1579.52,16957.2736
2022-11-04 10:00:00,1579.53,1600.28,1575.3,1594.68,49861.6725
2022-11-04 11:00:00,1594.67,1594.76,1576.71,1577.24,27976.0026
2022-11-04 12:00:00,1577.24,1611.25,1556.2,1609.73,111946.863
2022-11-04 13:00:00,1609.72,1624.25,1606.25,1616.45,76207.4577
2022-11-04 14:00:00,1616.45,1680.0,1613.85,1660.45,88726.3977
2022-11-04 15:00:00,1660.45,1663.43,1623.34,1624.97,91969.7263
2022-11-04 16:00:00,1624.97,1630.13,1607.8,1621.9,86927.7895
2022-11-04 17:00:00,1621.91,1628.31,1613.51,1622.83,28928.6629
2022-11-04 18:00:00,1622.83,1647.78,1617.42,1637.51,38244.3329
2022-11-04 19:00:00,1637.51,1649.84,1634.54,1648.29,31552.6812
2022-11-04 20:00:00,1648.28,1649.99,1639.84,1645.55,25028.3963
2022-11-04 21:00:00,1645.55,1651.57,1640.08,1648.37,11965.8527
2022-11-04 22:00:00,1648.36,1654.77,1643.92,1649.66,23131.4403
2022-11-04 23:00:00,1649.67,1652.64,1642.02,1644.78,12781.0391
2022-11-05 00:00:00,1644.78,1666.97,1635.15,1658.28,42735.5825
2022-11-05 01:00:00,1658.28,1659.39,1648.69,1653.72,15073.4352
2022-11-05 02:00:00,1653.73,1655.73,1646.84,1648.97,14831.2728
2022-11-05 03:00:00,1648.96,1654.77,1643.5,1646.75,22642.0707
2022-11-05 04:00:00,1646.76,1650.69,1643.67,1643.67,10864.376
2022-11-05 05:00:00,1643.67,1649.99,1643.58,1646.76,7645.7169
2022-11-05 06:00:00,1646.77,1658.72,1645.84,1653.66,15819.5669
2022-11-05 07:00:00,1653.66,1654.71,1649.67,1651.36,8879.602
2022-11-05 08:00:00,1651.37,1651.9,1637.53,1643.32,22273.5726
2022-11-05 09:00:00,1643.31,1645.23,1636.47,1640.72,12763.1864
2022-11-05 10:00:00,1640.72,1642.76,1638.06,1641.66,7219.3642
2022-11-05 11:00:00,1641.66,1650.76,1641.06,1649.58,15303.2601
2022-11-05 12:00:00,1649.58,1650.23,1640.71,1641.2,13093.8282
2022-11-05 13:00:00,1641.19,1643.51,1632.27,1634.99,16748.3573
2022-11-05 14:00:00,1634.99,1639.6,1623.53,1629.1,19294.2816
2022-11-05 15:00:00,1629.1,1640.98,1628.0,1635.87,15440.0743
2022-11-05 16:00:00,1635.87,1642.91,1635.41,1637.25,14817.1335
2022-11-05 17:00:00,1637.26,1638.37,1632.0,1636.58,11449.8117
2022-11-05 18:00:00,1636.57,1637.85,1624.89,1629.96,16278.9598
2022-11-05 19:00:00,1629.96,1633.52,1628.03,1633.24,8268.3869
2022-11-05 20:00:00,1633.24,1634.25,1628.77,1631.46,8138.5513
2022-11-05 21:00:00,1631.45,1633.26,1629.53,1632.53,5004.313
2022-11-05 22:00:00,1632.52,1635.0,1629.06,1632.32,7911.9961
2022-11-05 23:00:00,1632.31,1635.22,1621.42,1626.98,18888.8362
2022-11-06 00:00:00,1626.98,1633.51,1622.75,1629.35,14720.3516
2022-11-06 01:00:00,1629.34,1632.98,1614.05,1614.24,19473.7183
2022-11-06 02:00:00,1614.24,1620.41,1612.56,1616.53,13452.9645
2022-11-06 03:00:00,1616.53,1621.97,1612.3,1621.24,11657.5786
2022-11-06 04:00:00,1621.23,1622.56,1617.84,1619.84,6214.3878
2022-11-06 05:00:00,1619.84,1620.97,1613.95,1615.66,10226.8215
2022-11-06 06:00:00,1615.65,1618.34,1614.52,1616.91,7139.2384
2022-11-06 07:00:00,1616.91,1623.77,1614.72,1622.88,10046.7435
2022-11-06 08:00:00,1622.88,1639.02,1621.44,1631.46,20171.2228
2022-11-06 09:00:00,1631.47,1634.63,1627.58,1628.23,9431.8491
2022-11-06 10:00:00,1628.23,1630.93,1626.18,1628.83,8123.8275
2022-11-06 11:00:00,1628.82,1629.25,1608.84,1620.35,26879.1232
2022-11-06 12:00:00,1620.34,1625.01,1616.46,1618.36,10954.9468
2022-11-06 13:00:00,1618.37,1623.01,1615.81,1621.53,8198.0817
2022-11-06 14:00:00,1621.53,1631.59,1618.06,1626.42,13780.9507
2022-11-06 15:00:00,1626.43,1634.96,1623.71,1623.77,14114.1889
2022-11-06 16:00:00,1623.77,1625.93,1609.3,1622.09,32493.6258
2022-11-06 17:00:00,1622.02,1622.59,1613.15,1616.04,12031.0974
2022-11-06 18:00:00,1616.03,1616.04,1603.25,1610.59,23269.3909
2022-11-06 19:00:00,1610.59,1613.02,1604.46,1610.41,12888.121
2022-11-06 20:00:00,1610.41,1611.87,1605.02,1611.82,10702.7273
2022-11-06 21:00:00,1611.82,1612.91,1603.0,1603.81,17950.4036
2022-11-06 22:00:00,1603.8,1607.96,1590.69,1601.82,33578.5162
2022-11-06 23:00:00,1601.81,1603.81,1564.39,1568.29,67364.0754
2022-11-07 00:00:00,1568.25,1580.76,1564.21,1573.28,30491.543
2022-11-07 01:00:00,1573.28,1585.31,1567.76,1582.41,34272.4406
2022-11-07 02:00:00,1582.42,1595.3,1581.83,1592.69,22955.8168
2022-11-07 03:00:00,1592.7,1593.0,1583.88,1587.5,11553.4399
2022-11-07 04:00:00,1587.5,1587.84,1576.15,1587.54,11456.3751
2022-11-07 05:00:00,1587.55,1594.63,1584.61,1588.24,14765.1176
2022-11-07 06:00:00,1588.24,1589.73,1574.52,1575.59,23695.1101
2022-11-07 07:00:00,1575.6,1575.9,1546.3,1550.01,71872.1857
2022-11-07 08:00:00,1550.0,1569.76,1546.29,1568.08,30358.8239
2022-11-07 09:00:00,1568.08,1575.58,1564.1,1564.1,27392.8404
2022-11-07 10:00:00,1564.1,1584.56,1563.88,1578.54,43184.7391
2022-11-07 11:00:00,1578.53,1582.02,1575.66,1580.0,11589.9717
2022-11-07 12:00:00,1579.99,1585.02,1576.48,1584.51,19969.9385
2022-11-07 13:00:00,1584.5,1589.73,1575.31,1579.3,21852.0511
2022-11-07 14:00:00,1579.31,1584.51,1567.58,1572.52,26342.097
2022-11-07 15:00:00,1572.53,1592.93,1572.37,1592.03,31218.5419
2022-11-07 16:00:00,1592.02,1597.08,1577.97,1578.2,19195.7389
2022-11-07 17:00:00,1578.19,1585.6,1577.02,1585.56,9115.3435
2022-11-07 18:00:00,1585.57,1594.24,1585.52,1588.81,11929.5938
2022-11-07 19:00:00,1588.82,1608.04,1588.36,1600.52,42041.0528
2022-11-07 20:00:00,1600.53,1607.28,1599.02,1601.64,15104.6027
2022-11-07 21:00:00,1601.64,1604.51,1573.46,1575.4,28118.998
2022-11-07 22:00:00,1575.4,1575.52,1545.03,1559.22,62847.6165
2022-11-07 23:00:00,1559.22,1569.65,1558.58,1568.1,21085.4708
2022-11-08 00:00:00,1568.09,1574.81,1558.68,1561.56,28135.4583
2022-11-08 01:00:00,1561.55,1576.79,1559.51,1571.35,14322.3054
2022-11-08 02:00:00,1571.34,1574.81,1537.0,1538.85,45193.5433
2022-11-08 03:00:00,1538.85,1545.65,1503.0,1507.07,132150.1884
2022-11-08 04:00:00,1507.06,1514.25,1458.0,1465.0,165666.8465
2022-11-08 05:00:00,1465.01,1475.73,1431.82,1470.39,136343.4659
2022-11-08 06:00:00,1470.38,1490.43,1466.42,1485.16,51365.7489
2022-11-08 07:00:00,1485.15,1497.95,1477.0,1492.0,44547.2361
2022-11-08 08:00:00,1492.0,1493.0,1481.41,1486.57,32500.9108
2022-11-08 09:00:00,1486.57,1494.49,1479.07,1489.7,29245.4844
2022-11-08 10:00:00,1489.7,1490.06,1476.36,1479.15,23122.599
2022-11-08 11:00:00,1479.16,1486.15,1468.99,1476.87,30320.2526
2022-11-08 12:00:00,1476.87,1487.22,1471.53,1478.89,27274.2101
2022-11-08 13:00:00,1478.89,1479.59,1457.06,1462.03,39559.9011
2022-11-08 14:00:00,1462.03,1474.05,1422.94,1444.13,196556.296
2022-11-08 15:00:00,1443.98,1462.69,1426.16,1462.48,68852.6861
2022-11-08 16:00:00,1462.48,1579.98,1454.47,1545.82,195120.4083
2022-11-08 17:00:00,1545.82,1554.88,1442.57,1447.42,195320.6727
2022-11-08 18:00:00,1447.1,1468.15,1341.08,1346.14,297790.2009
2022-11-08 19:00:00,1345.8,1359.01,1233.0,1315.39,313440.3388
2022-11-08 20:00:00,1315.39,1337.31,1280.0,1310.57,118235.606
2022-11-08 21:00:00,1310.57,1341.97,1300.0,1336.7,57065.7044
2022-11-08 22:00:00,1336.71,1338.11,1308.43,1318.58,40889.4387
2022-11-08 23:00:00,1318.58,1344.83,1313.72,1334.77,56897.0062
2022-11-09 00:00:00,1334.78,1337.16,1315.77,1317.5,64518.3512
2022-11-09 01:00:00,1317.49,1331.1,1312.32,1317.22,61983.0915
2022-11-09 02:00:00,1317.22,1328.83,1293.0,1295.01,64733.1267
2022-11-09 03:00:00,1295.01,1314.38,1283.37,1312.39,76425.8158
2022-11-09 04:00:00,1312.38,1319.38,1301.2,1303.99,44345.8857
2022-11-09 05:00:00,1304.0,1315.98,1285.69,1302.81,77736.9831
2022-11-09 06:00:00,1302.8,1308.71,1293.34,1294.32,44725.7621
2022-11-09 07:00:00,1294.32,1298.91,1266.43,1274.35,79325.1292
2022-11-09 08:00:00,1274.36,1276.59,1250.0,1263.59,105538.7981
2022-11-09 09:00:00,1263.6,1264.16,1199.0,1216.24,198734.4672
2022-11-09 10:00:00,1216.25,1229.6,1136.13,1195.02,312655.682
2022-11-09 11:00:00,1195.02,1225.2,1178.37,1220.04,117608.357
2022-11-09 12:00:00,1220.05,1248.55,1211.66,1227.03,145881.7463
2022-11-09 13:00:00,1227.04,1235.35,1191.87,1214.53,109850.1705
2022-11-09 14:00:00,1214.52,1246.0,1189.51,1225.89,89252.3559
2022-11-09 15:00:00,1225.89,1241.77,1150.0,1163.02,158028.0854
2022-11-09 16:00:00,1163.02,1199.19,1149.0,1174.29,121229.164
2022-11-09 17:00:00,1174.29,1186.54,1153.59,1168.53,66815.4842
2022-11-09 18:00:00,1168.54,1178.67,1143.43,1163.86,84567.1487
2022-11-09 19:00:00,1163.72,1206.0,1161.97,1195.47,74900.3282
2022-11-09 20:00:00,1195.46,1200.0,1148.0,1164.99,85537.4498
2022-11-09 21:00:00,1164.99,1165.6,1100.78,1106.68,132781.4782
2022-11-09 22:00:00,1106.11,1132.38,1100.62,1117.65,64988.508
2022-11-09 23:00:00,1117.65,1124.26,1073.53,1102.73,112634.5669
2022-11-10 00:00:00,1102.73,1147.64,1085.93,1146.14,105987.9489
2022-11-10 01:00:00,1146.15,1165.08,1130.0,1137.8,88951.7263
2022-11-10 02:00:00,1137.8,1150.0,1126.61,1149.98,44884.4546
2022-11-10 03:00:00,1149.98,1184.8,1145.48,1174.16,97068.5928
2022-11-10 04:00:00,1174.15,1182.35,1159.3,1176.4,48115.3705
2022-11-10 05:00:00,1176.39,1200.0,1176.22,1187.25,62931.3826
2022-11-10 06:00:00,1187.25,1194.94,1174.5,1176.07,63489.9116
2022-11-10 07:00:00,1176.06,1206.13,1172.01,1189.72,76801.3665
2022-11-10 08:00:00,1189.54,1219.62,1175.86,1215.8,89302.1995
2022-11-10 09:00:00,1215.89,1219.1,1186.0,1198.65,63187.3828
2022-11-10 10:00:00,1198.66,1204.95,1175.13,1181.01,70741.2677
2022-11-10 11:00:00,1181.0,1196.0,1176.74,1187.04,62471.4506
2022-11-10 12:00:00,1187.05,1234.2,1185.52,1214.99,124140.8762
2022-11-10 13:00:00,1214.99,1329.0,1197.0,1300.09,231210.5125
2022-11-10 14:00:00,1300.08,1328.99,1276.2,1324.32,161324.8888
2022-11-10 15:00:00,1324.2,1350.0,1305.99,1321.61,118386.4551
2022-11-10 16:00:00,1321.64,1350.0,1306.94,1321.27,82344.4259
2022-11-10 17:00:00,1321.28,1323.82,1247.4,1259.12,123086.4508
2022-11-10 18:00:00,1259.12,1286.56,1250.32,1273.83,50143.8907
2022-11-10 19:00:00,1273.83,1297.0,1265.9,1292.31,35476.719
2022-11-10 20:00:00,1292.3,1340.0,1284.28,1334.57,53176.8903
2022-11-10 21:00:00,1334.57,1344.66,1315.3,1325.44,57067.3595
2022-11-10 22:00:00,1325.44,1329.87,1308.01,1324.14,25200.6187
2022-11-10 23:00:00,1324.14,1327.83,1286.59,1299.28,40463.5348
2022-11-11 00:00:00,1299.28,1305.88,1283.88,1296.72,34922.7221
2022-11-11 01:00:00,1296.7,1309.29,1256.0,1262.74,64261.583
2022-11-11 02:00:00,1262.74,1271.95,1242.35,1252.32,58412.4242
2022-11-11 03:00:00,1252.33,1254.8,1221.08,1239.11,67229.3264
2022-11-11 04:00:00,1239.12,1248.5,1227.0,1234.52,37235.2323
2022-11-11 05:00:00,1234.52,1275.42,1231.53,1265.78,62464.2762
2022-11-11 06:00:00,1265.78,1275.67,1249.5,1264.44,48715.5259
2022-11-11 07:00:00,1264.43,1289.26,1254.26,1278.33,53053.133
2022-11-11 08:00:00,1278.34,1294.35,1268.06,1281.52,38766.0802
2022-11-11 09:00:00,1281.52,1288.0,1272.03,1279.4,31035.2396
2022-11-11 10:00:00,1279.39,1283.82,1264.07,1277.79,31951.1073
2022-11-11 11:00:00,1277.79,1292.6,1269.16,1275.85,38002.7661
2022-11-11 12:00:00,1275.91,1293.0,1268.0,1290.9,32733.9082
2022-11-11 13:00:00,1290.9,1310.0,1279.64,1283.59,59656.8881
2022-11-11 14:00:00,1283.58,1299.0,1201.26,1261.99,222571.2417
2022-11-11 15:00:00,1261.99,1281.26,1241.41,1260.18,107352.5056
2022-11-11 16:00:00,1260.18,1264.0,1233.24,1250.21,66260.1302
2022-11-11 17:00:00,1250.21,1278.87,1246.88,1274.3,51561.1894
2022-11-11 18:00:00,1274.29,1287.0,1261.38,1264.42,40793.9403
2022-11-11 19:00:00,1264.28,1278.45,1248.0,1274.04,39944.327
2022-11-11 20:00:00,1274.18,1276.36,1237.0,1246.02,30587.7813
2022-11-11 21:00:00,1246.02,1276.43,1245.6,1269.74,30524.5478
2022-11-11 22:00:00,1269.74,1285.72,1267.3,1280.39,25649.1661
2022-11-11 23:00:00,1280.39,1295.0,1270.7,1289.28,34402.1078
2022-11-12 00:00:00,1289.35,1292.16,1268.97,1276.5,24525.4731
2022-11-12 01:00:00,1276.49,1280.12,1265.35,1273.41,19178.0511
2022-11-12 02:00:00,1273.4,1290.32,1270.0,1276.74,30526.2298
2022-11-12 03:00:00,1276.73,1279.26,1254.0,1259.34,37088.7906
2022-11-12 04:00:00,1259.34,1268.97,1251.14,1257.47,40061.0436
2022-11-12 05:00:00,1257.47,1258.57,1238.7,1247.49,45931.2271
2022-11-12 06:00:00,1247.49,1268.8,1243.46,1261.32,35409.5493
2022-11-12 07:00:00,1261.31,1277.57,1260.8,1266.39,38997.5738
2022-11-12 08:00:00,1266.39,1270.95,1250.0,1261.67,27072.4374
2022-11-12 09:00:00,1261.66,1268.3,1256.44,1262.23,19858.4011
2022-11-12 10:00:00,1262.22,1275.0,1257.0,1259.72,26204.3102
2022-11-12 11:00:00,1259.72,1265.42,1252.29,1260.5,16505.9213
2022-11-12 12:00:00,1260.5,1269.75,1253.06,1268.73,22704.0454
2022-11-12 13:00:00,1268.72,1270.0,1258.31,1266.14,18501.8638
2022-11-12 14:00:00,1266.13,1285.52,1259.73,1276.5,31920.8555
2022-11-12 15:00:00,1276.5,1282.98,1271.05,1274.8,19614.0963
2022-11-12 16:00:00,1274.81,1278.88,1267.66,1271.73,16366.6026
2022-11-12 17:00:00,1271.74,1276.5,1267.71,1273.11,15501.2208
2022-11-12 18:00:00,1273.11,1274.0,1263.0,1269.07,10386.0153
2022-11-12 19:00:00,1269.07,1270.5,1264.56,1268.45,8129.0573
2022-11-12 20:00:00,1268.45,1268.95,1264.59,1266.0,6611.6712
2022-11-12 21:00:00,1266.01,1267.0,1252.03,1258.2,15011.3593
2022-11-12 22:00:00,1258.2,1264.57,1256.18,1260.68,7554.0792
2022-11-12 23:00:00,1260.67,1260.94,1247.31,1257.25,14113.0421
2022-11-13 00:00:00,1257.25,1266.8,1253.45,1260.19,11844.0441
2022-11-13 01:00:00,1260.19,1268.93,1259.29,1264.23,8808.7589
2022-11-13 02:00:00,1264.23,1268.2,1261.38,1268.2,8129.7729
2022-11-13 03:00:00,1268.19,1274.03,1264.94,1272.15,14903.4458
2022-11-13 04:00:00,1272.14,1274.23,1264.74,1266.54,12919.0389
2022-11-13 05:00:00,1266.53,1268.49,1264.18,1264.19,12745.4992
2022-11-13 06:00:00,1264.18,1265.82,1248.39,1248.49,41812.4279
2022-11-13 07:00:00,1248.49,1256.56,1230.33,1250.93,44432.9064
2022-11-13 08:00:00,1250.94,1253.22,1222.0,1231.06,24289.0565
2022-11-13 09:00:00,1231.06,1233.33,1212.0,1226.88,58001.4279
2022-11-13 10:00:00,1226.87,1235.93,1222.0,1230.06,21479.1861
2022-11-13 11:00:00,1230.05,1247.76,1226.07,1240.44,29369.498
2022-11-13 12:00:00,1240.43,1243.28,1234.95,1236.77,13506.0703
2022-11-13 13:00:00,1236.78,1248.45,1233.01,1241.35,19419.1871
2022-11-13 14:00:00,1241.35,1245.38,1236.66,1238.94,17804.7376
2022-11-13 15:00:00,1238.93,1240.82,1223.9,1231.36,23120.2702
2022-11-13 16:00:00,1231.36,1237.34,1226.18,1233.28,20675.2356
2022-11-13 17:00:00,1233.29,1233.83,1220.01,1228.18,18362.4102
2022-11-13 18:00:00,1228.18,1231.99,1215.8,1225.69,19219.6094
2022-11-13 19:00:00,1225.7,1232.0,1222.3,1229.03,20968.8785
2022-11-13 20:00:00,1229.04,1232.22,1217.29,1219.14,17705.4165
2022-11-13 21:00:00,1219.14,1237.0,1200.66,1217.46,49696.534
2022-11-13 22:00:00,1217.47,1230.44,1215.32,1228.29,19891.0882
2022-11-13 23:00:00,1228.3,1228.89,1217.13,1221.49,18306.0302
2022-11-14 00:00:00,1221.5,1230.54,1193.1,1205.38,43939.378
2022-11-14 01:00:00,1205.38,1212.21,1180.92,1190.01,45297.6183
2022-11-14 02:00:00,1190.01,1196.51,1171.13,1193.86,44769.0111
2022-11-14 03:00:00,1193.86,1199.03,1187.42,1193.03,22246.202
2022-11-14 04:00:00,1193.02,1193.72,1175.66,1185.28,31742.5818
2022-11-14 05:00:00,1185.29,1190.0,1175.43,1181.6,24186.2335
2022-11-14 06:00:00,1181.6,1242.92,1177.9,1236.84,72579.8137
2022-11-14 07:00:00,1236.84,1262.0,1225.94,1260.07,74024.6398
2022-11-14 08:00:00,1260.06,1276.26,1257.14,1261.73,54515.507
2022-11-14 09:00:00,1261.72,1265.0,1252.0,1257.31,33862.32
2022-11-14 10:00:00,1257.31,1263.49,1252.89,1260.55,20277.1017
2022-11-14 11:00:00,1260.55,1269.99,1252.17,1252.33,27953.5004
2022-11-14 12:00:00,1252.34,1267.22,1243.59,1264.32,38595.2399
2022-11-14 13:00:00,1264.32,1291.2,1240.0,1259.16,104863.5617
2022-11-14 14:00:00,1259.16,1263.83,1235.0,1251.8,56162.4179
2022-11-14 15:00:00,1251.81,1255.37,1235.26,1245.32,33157.9703
2022-11-14 16:00:00,1245.32,1249.76,1226.44,1231.31,36880.4563
2022-11-14 17:00:00,1231.31,1244.33,1227.51,1240.95,20493.6179
2022-11-14 18:00:00,1240.95,1246.48,1235.95,1243.03,16478.7768
2022-11-14 19:00:00,1243.02,1243.73,1210.03,1216.27,38755.4133
2022-11-14 20:00:00,1216.26,1222.71,1210.09,1215.96,24129.4603
2022-11-14 21:00:00,1215.96,1228.75,1214.09,1227.51,16293.2572
2022-11-14 22:00:00,1227.5,1228.99,1213.82,1220.01,16847.4346
2022-11-14 23:00:00,1220.0,1249.97,1219.86,1243.28,36690.4924
2022-11-15 00:00:00,1243.29,1254.12,1239.12,1241.25,22351.8828
2022-11-15 01:00:00,1241.24,1262.23,1236.15,1258.32,31132.0114
2022-11-15 02:00:00,1258.33,1266.0,1256.08,1259.34,26565.838
2022-11-15 03:00:00,1259.35,1266.57,1254.34,1256.54,16406.1734
2022-11-15 04:00:00,1256.53,1260.34,1252.1,1258.14,18484.0902
2022-11-15 05:00:00,1258.13,1262.84,1247.39,1248.39,20854.6549
2022-11-15 06:00:00,1248.39,1257.57,1247.73,1257.01,18032.4852
2022-11-15 07:00:00,1257.0,1273.89,1255.61,1266.33,32981.2266
2022-11-15 08:00:00,1266.33,1279.3,1263.31,1274.32,29002.8016
2022-11-15 09:00:00,1274.31,1278.05,1256.0,1260.16,33448.36
2022-11-15 10:00:00,1260.16,1267.51,1255.0,1267.0,16239.393
2022-11-15 11:00:00,1266.99,1272.68,1255.72,1260.37,21823.5704
2022-11-15 12:00:00,1260.37,1268.46,1257.79,1267.32,18084.4855
2022-11-15 13:00:00,1267.32,1291.0,1266.22,1277.86,62285.2114
2022-11-15 14:00:00,1277.85,1278.62,1259.16,1267.56,39374.7761
2022-11-15 15:00:00,1267.52,1275.83,1261.83,1264.36,30295.4392
2022-11-15 16:00:00,1264.36,1270.61,1260.0,1267.85,26715.9122
2022-11-15 17:00:00,1267.85,1274.25,1263.52,1267.09,29033.4882
2022-11-15 18:00:00,1267.08,1267.85,1234.01,1243.56,49704.3107
2022-11-15 19:00:00,1243.57,1258.81,1235.18,1257.28,27810.5828
2022-11-15 20:00:00,1257.29,1265.4,1248.33,1253.63,16800.1448
2022-11-15 21:00:00,1253.62,1255.49,1241.46,1247.25,21199.1182
2022-11-15 22:00:00,1247.26,1249.5,1242.77,1245.87,9884.7499
2022-11-15 23:00:00,1245.87,1253.99,1243.77,1253.23,14314.8615
2022-11-16 00:00:00,1253.22,1257.04,1248.23,1252.29,14331.0642
2022-11-16 01:00:00,1252.29,1261.15,1252.09,1261.14,14466.3407
2022-11-16 02:00:00,1261.15,1268.67,1257.24,1260.22,15894.4712
2022-11-16 03:00:00,1260.23,1266.3,1259.4,1264.86,10576.2214
2022-11-16 04:00:00,1264.86,1265.4,1257.1,1257.77,13979.2811
2022-11-16 05:00:00,1257.77,1259.24,1253.66,1257.5,21564.4158
2022-11-16 06:00:00,1257.49,1260.84,1243.0,1248.67,60890.2956
2022-11-16 07:00:00,1248.67,1251.28,1244.78,1245.56,18127.9953
2022-11-16 08:00:00,1245.55,1254.25,1228.0,1237.83,64506.7746
2022-11-16 09:00:00,1237.83,1241.0,1224.66,1231.08,31435.2282
2022-11-16 10:00:00,1231.08,1235.5,1226.28,1231.08,26791.7343
2022-11-16 11:00:00,1231.08,1232.99,1215.0,1222.28,30070.533
2022-11-16 12:00:00,1222.29,1225.13,1214.31,1222.22,35398.6678
2022-11-16 13:00:00,1222.22,1232.66,1209.0,1213.57,69585.5455
2022-11-16 14:00:00,1213.58,1216.05,1201.58,1207.52,52974.3066
2022-11-16 15:00:00,1207.53,1213.08,1187.06,1192.29,44275.121
2022-11-16 16:00:00,1192.28,1215.58,1187.27,1208.23,34717.5214
2022-11-16 17:00:00,1208.23,1221.57,1206.66,1215.08,24687.6857
2022-11-16 18:00:00,1215.09,1218.59,1209.76,1211.09,16047.4747
2022-11-16 19:00:00,1211.1,1211.41,1198.32,1208.71,17944.0942
2022-11-16 20:00:00,1208.7,1214.12,1204.4,1212.53,12941.0616
2022-11-16 21:00:00,1212.53,1215.82,1206.05,1207.23,9350.4727
2022-11-16 22:00:00,1207.22,1219.22,1201.17,1215.97,13928.8644
2022-11-16 23:00:00,1215.97,1221.73,1210.57,1216.17,18854.5505
2022-11-17 00:00:00,1216.16,1227.36,1214.46,1223.42,21857.0715
2022-11-17 01:00:00,1223.41,1228.22,1217.97,1219.21,13784.6062
2022-11-17 02:00:00,1219.22,1220.2,1207.28,1207.82,16780.2486
2022-11-17 03:00:00,1207.82,1212.08,1201.92,1204.05,17017.1109
2022-11-17 04:00:00,1204.05,1205.99,1193.07,1203.76,20288.0414
2022-11-17 05:00:00,1203.75,1211.73,1203.36,1211.28,10754.7094
2022-11-17 06:00:00,1211.28,1218.05,1198.8,1201.54,42303.7538
2022-11-17 07:00:00,1201.54,1207.95,1195.78,1204.88,48387.605
2022-11-17 08:00:00,1204.88,1208.36,1200.38,1203.5,14539.2765
2022-11-17 09:00:00,1203.51,1204.1,1181.05,1191.5,37206.4033
2022-11-17 10:00:00,1191.51,1195.41,1188.41,1191.73,15020.7977
2022-11-17 11:00:00,1191.72,1204.47,1191.18,1203.78,16114.7168
2022-11-17 12:00:00,1203.79,1204.76,1197.05,1203.69,17883.8321
2022-11-17 13:00:00,1203.69,1203.94,1184.0,1190.25,37647.2865
2022-11-17 14:00:00,1190.25,1197.19,1186.01,1192.55,22278.2274
2022-11-17 15:00:00,1192.55,1217.89,1187.32,1192.8,53681.9076
2022-11-17 16:00:00,1192.8,1214.99,1189.0,1211.1,29534.3404
2022-11-17 17:00:00,1211.09,1217.33,1203.55,1211.26,26269.6845
2022-11-17 18:00:00,1211.26,1214.98,1208.18,1212.48,10827.804
2022-11-17 19:00:00,1212.48,1213.57,1201.34,1202.72,8825.7067
2022-11-17 20:00:00,1202.72,1205.44,1199.09,1201.41,12912.2076
2022-11-17 21:00:00,1201.41,1210.0,1201.41,1206.95,12641.3892
2022-11-17 22:00:00,1206.94,1209.75,1203.03,1206.69,7453.3118
2022-11-17 23:00:00,1206.7,1208.13,1196.27,1200.43,16527.3099
2022-11-18 00:00:00,1200.42,1217.4,1199.18,1216.23,31061.8466
2022-11-18 01:00:00,1216.24,1218.41,1210.91,1214.01,20883.3812
2022-11-18 02:00:00,1214.0,1234.0,1209.45,1226.55,33096.5255
2022-11-18 03:00:00,1226.55,1230.16,1219.44,1219.79,14467.2222
2022-11-18 04:00:00,1219.8,1221.35,1215.25,1219.46,12739.4247
2022-11-18 05:00:00,1219.47,1224.43,1217.19,1217.96,10124.9893
2022-11-18 06:00:00,1217.97,1219.75,1213.01,1218.55,9519.6355
2022-11-18 07:00:00,1218.55,1221.23,1214.0,1214.65,19558.8849
2022-11-18 08:00:00,1214.65,1215.23,1205.05,1213.06,17180.7997
2022-11-18 09:00:00,1213.07,1217.35,1211.5,1215.61,9919.2288
2022-11-18 10:00:00,1215.61,1226.01,1214.54,1219.06,18153.3465
2022-11-18 11:00:00,1219.06,1222.0,1214.6,1217.23,9725.7045
2022-11-18 12:00:00,1217.23,1221.0,1216.69,1218.0,9295.8775
2022-11-18 13:00:00,1218.0,1227.81,1216.61,1219.34,16274.8838
2022-11-18 14:00:00,1219.34,1222.99,1210.89,1214.47,22716.1503
2022-11-18 15:00:00,1214.47,1214.95,1206.0,1211.13,16891.739
2022-11-18 16:00:00,1211.14,1214.47,1203.5,1207.45,16297.5682
2022-11-18 17:00:00,1207.44,1208.35,1200.36,1204.17,17238.007
2022-11-18 18:00:00,1204.17,1207.28,1202.38,1205.63,11702.1228
2022-11-18 19:00:00,1205.63,1211.71,1203.65,1209.71,11833.1462
2022-11-18 20:00:00,1209.71,1214.08,1208.33,1210.06,9555.5061
2022-11-18 21:00:00,1210.05,1212.89,1208.93,1209.05,6466.479
2022-11-18 22:00:00,1209.04,1211.57,1206.7,1210.03,6008.8432
2022-11-18 23:00:00,1210.04,1214.97,1206.03,1212.58,9507.2212
2022-11-19 00:00:00,1212.58,1213.48,1209.63,1210.17,6149.53
2022-11-19 01:00:00,1210.17,1211.79,1208.02,1210.23,4702.7018
2022-11-19 02:00:00,1210.22,1210.23,1201.0,1206.83,9907.1012
2022-11-19 03:00:00,1206.84,1209.75,1206.38,1208.54,5784.1157
2022-11-19 04:00:00,1208.55,1209.45,1205.72,1207.97,8100.8782
2022-11-19 05:00:00,1207.97,1209.14,1197.67,1204.96,17818.2851
2022-11-19 06:00:00,1204.95,1207.95,1202.25,1207.62,10734.6755
2022-11-19 07:00:00,1207.62,1209.72,1206.8,1206.81,10604.8748
2022-11-19 08:00:00,1206.81,1212.41,1204.16,1210.14,7741.8974
2022-11-19 09:00:00,1210.13,1211.01,1207.99,1209.06,6478.9276
2022-11-19 10:00:00,1209.06,1210.29,1207.11,1208.73,7102.3256
2022-11-19 11:00:00,1208.73,1211.45,1207.64,1211.44,6018.2563
2022-11-19 12:00:00,1211.45,1212.09,1208.0,1208.24,4882.8856
2022-11-19 13:00:00,1208.25,1209.83,1205.83,1207.96,6127.6804
2022-11-19 14:00:00,1207.96,1209.39,1206.51,1207.9,7110.0806
2022-11-19 15:00:00,1207.91,1210.99,1206.92,1209.58,7899.504
2022-11-19 16:00:00,1209.58,1211.7,1208.1,1210.03,6011.3047
2022-11-19 17:00:00,1210.04,1210.7,1206.95,1208.02,5953.5381
2022-11-19 18:00:00,1208.02,1210.26,1207.26,1207.81,4368.5851
2022-11-19 19:00:00,1207.81,1210.28,1207.8,1208.6,5848.0555
2022-11-19 20:00:00,1208.59,1211.48,1208.59,1209.26,4065.1159
2022-11-19 21:00:00,1209.26,1212.27,1209.26,1211.68,5116.3349
2022-11-19 22:00:00,1211.68,1235.0,1211.67,1224.19,38455.6329
2022-11-19 23:00:00,1224.2,1227.47,1217.12,1217.67,12807.3019
2022-11-20 00:00:00,1217.67,1223.22,1216.98,1222.44,10381.3241
2022-11-20 01:00:00,1222.44,1227.07,1217.8,1218.62,10905.2907
2022-11-20 02:00:00,1218.62,1221.66,1217.37,1218.85,8416.6942
2022-11-20 03:00:00,1218.85,1219.59,1215.33,1218.99,6735.9326
2022-11-20 04:00:00,1218.99,1220.92,1218.65,1219.42,5872.6442
2022-11-20 05:00:00,1219.42,1219.84,1217.55,1218.93,4783.7331
2022-11-20 06:00:00,1218.93,1220.34,1217.75,1220.16,4386.2182
2022-11-20 07:00:00,1220.16,1223.26,1217.7,1220.39,8974.5127
2022-11-20 08:00:00,1220.38,1220.65,1203.94,1208.15,25373.5367
2022-11-20 09:00:00,1208.14,1211.09,1206.59,1207.98,11191.9138
2022-11-20 10:00:00,1207.99,1208.66,1190.58,1196.55,30532.0903
2022-11-20 11:00:00,1196.55,1196.87,1160.0,1167.76,79173.7221
2022-11-20 12:00:00,1167.76,1173.32,1153.0,1166.73,74105.8973
2022-11-20 13:00:00,1166.74,1179.4,1164.91,1176.56,25137.9876
2022-11-20 14:00:00,1176.57,1180.47,1171.42,1172.58,15845.3205
2022-11-20 15:00:00,1172.59,1179.33,1171.8,1177.13,13634.1575
2022-11-20 16:00:00,1177.12,1179.89,1169.53,1175.09,13158.3612
2022-11-20 17:00:00,1175.09,1177.69,1171.95,1172.81,11108.1537
2022-11-20 18:00:00,1172.81,1178.34,1171.54,1178.15,10284.0687
2022-11-20 19:00:00,1178.14,1190.0,1175.41,1185.46,19278.6121
2022-11-20 20:00:00,1185.47,1186.72,1172.2,1177.46,22698.4404
2022-11-20 21:00:00,1177.46,1177.47,1134.05,1143.15,53676.5178
2022-11-20 22:00:00,1143.16,1154.31,1135.0,1142.87,35988.9675
2022-11-20 23:00:00,1142.87,1146.61,1132.65,1142.21,29464.6637
2022-11-21 00:00:00,1142.21,1144.12,1125.86,1140.44,44980.2664
2022-11-21 01:00:00,1140.43,1143.06,1128.61,1131.49,18152.4763
2022-11-21 02:00:00,1131.5,1132.93,1111.18,1122.77,60323.9789
2022-11-21 03:00:00,1122.77,1127.0,1111.11,1125.12,27178.8595
2022-11-21 04:00:00,1125.12,1140.0,1124.16,1128.71,43119.4249
2022-11-21 05:00:00,1128.71,1136.97,1128.05,1136.0,16993.2138
2022-11-21 06:00:00,1135.99,1138.32,1127.4,1128.14,20433.1571
2022-11-21 07:00:00,1128.15,1132.39,1117.01,1123.48,23777.191
2022-11-21 08:00:00,1123.49,1127.7,1117.01,1120.58,19919.2544
2022-11-21 09:00:00,1120.59,1126.97,1105.65,1120.76,54918.9397
2022-11-21 10:00:00,1120.77,1128.84,1115.24,1127.16,36597.8159
2022-11-21 11:00:00,1127.16,1131.81,1121.66,1125.0,33969.1579
2022-11-21 12:00:00,1125.0,1128.36,1115.1,1127.3,26514.344
2022-11-21 13:00:00,1127.3,1146.99,1125.67,1135.15,52629.1678
2022-11-21 14:00:00,1135.16,1143.0,1133.21,1134.44,30688.1321
2022-11-21 15:00:00,1134.45,1137.25,1129.19,1130.33,35621.2479
2022-11-21 16:00:00,1130.34,1133.1,1099.0,1116.58,83574.7026
2022-11-21 17:00:00,1116.58,1121.63,1102.81,1105.71,31708.3459
2022-11-21 18:00:00,1105.72,1108.85,1092.43,1100.21,60533.6518
2022-11-21 19:00:00,1100.22,1106.74,1079.76,1091.22,60488.2902
2022-11-21 20:00:00,1091.22,1114.29,1089.51,1104.94,43447.0118
2022-11-21 21:00:00,1104.94,1108.68,1082.36,1094.97,36953.8499
2022-11-21 22:00:00,1094.97,1123.27,1093.7,1107.97,41393.4403
2022-11-21 23:00:00,1107.98,1116.46,1106.82,1107.34,18732.0253
2022-11-22 00:00:00,1107.34,1117.29,1100.73,1106.97,45202.941
2022-11-22 01:00:00,1106.97,1110.29,1098.52,1101.88,23870.2679
2022-11-22 02:00:00,1101.87,1111.27,1097.02,1109.3,19896.2679
2022-11-22 03:00:00,1109.3,1112.21,1102.29,1104.41,17969.7536
2022-11-22 04:00:00,1104.41,1107.33,1099.75,1102.07,14163.4795
2022-11-22 05:00:00,1102.07,1105.32,1096.4,1099.13,20469.7042
2022-11-22 06:00:00,1099.13,1100.59,1083.89,1085.51,41003.8839
2022-11-22 07:00:00,1085.5,1094.81,1079.54,1093.31,29647.1631
2022-11-22 08:00:00,1093.31,1094.78,1075.0,1088.13,45153.326
2022-11-22 09:00:00,1088.12,1092.99,1079.14,1081.19,21928.7129
2022-11-22 10:00:00,1081.19,1095.0,1077.09,1092.74,26702.2386
2022-11-22 11:00:00,1092.73,1094.26,1082.15,1085.44,20477.3486
2022-11-22 12:00:00,1085.44,1102.7,1079.0,1098.37,43870.8576
2022-11-22 13:00:00,1098.36,1135.5,1097.38,1132.99,89933.3954
2022-11-22 14:00:00,1132.98,1142.5,1118.02,1121.9,52860.0664
2022-11-22 15:00:00,1121.9,1143.96,1121.61,1135.37,63899.1137
2022-11-22 16:00:00,1135.36,1146.13,1127.0,1127.39,31334.2003
2022-11-22 17:00:00,1127.39,1129.59,1114.27,1117.13,27184.8792
2022-11-22 18:00:00,1117.14,1127.98,1115.31,1126.78,27411.4842
2022-11-22 19:00:00,1126.79,1138.0,1124.32,1127.25,27326.7389
2022-11-22 20:00:00,1127.26,1133.41,1126.57,1127.73,12069.0232
2022-11-22 21:00:00,1127.73,1132.17,1122.96,1131.01,15017.7436
2022-11-22 22:00:00,1131.01,1140.23,1126.31,1137.64,13757.757
2022-11-22 23:00:00,1137.63,1142.36,1133.35,1139.6,17734.2324
2022-11-23 00:00:00,1139.59,1148.79,1133.74,1134.32,31903.5901
2022-11-23 01:00:00,1134.32,1136.66,1127.75,1132.02,16036.4504
2022-11-23 02:00:00,1132.01,1167.28,1131.75,1163.53,78591.8339
2022-11-23 03:00:00,1163.52,1170.87,1158.8,1170.8,30552.912
2022-11-23 04:00:00,1170.81,1171.45,1161.33,1164.0,19841.3464
2022-11-23 05:00:00,1164.0,1165.76,1157.69,1158.21,19491.6972
2022-11-23 06:00:00,1158.22,1164.16,1157.48,1162.22,13151.9147
2022-11-23 07:00:00,1162.23,1169.99,1158.25,1166.71,23992.2994
2022-11-23 08:00:00,1166.71,1175.0,1160.51,1164.05,27893.2828
2022-11-23 09:00:00,1164.05,1171.2,1162.81,1166.98,20084.4494
2022-11-23 10:00:00,1166.98,1184.25,1162.07,1174.58,36122.9366
2022-11-23 11:00:00,1174.59,1178.41,1170.64,1174.98,23420.1466
2022-11-23 12:00:00,1174.98,1178.0,1164.69,1164.78,21327.0209
2022-11-23 13:00:00,1164.79,1168.97,1155.63,1157.36,23341.0155
2022-11-23 14:00:00,1157.37,1168.3,1153.67,1165.94,32119.3417
2022-11-23 15:00:00,1165.93,1172.03,1159.46,1161.28,24623.8115
2022-11-23 16:00:00,1161.28,1163.7,1150.6,1152.55,17339.1201
2022-11-23 17:00:00,1152.56,1155.75,1150.6,1154.1,19724.8674
2022-11-23 18:00:00,1154.11,1175.64,1153.11,1170.33,27011.2316
2022-11-23 19:00:00,1170.32,1189.75,1163.69,1168.92,60442.9897
2022-11-23 20:00:00,1168.91,1175.61,1159.99,1175.24,19542.117
2022-11-23 21:00:00,1175.24,1176.94,1169.11,1169.69,12133.8172
2022-11-23 22:00:00,1169.7,1175.17,1168.15,1174.38,8562.1575
2022-11-23 23:00:00,1174.38,1190.0,1173.13,1184.52,29676.8098
2022-11-24 00:00:00,1184.52,1190.0,1180.6,1182.2,24573.2701
2022-11-24 01:00:00,1182.2,1207.33,1181.17,1202.62,48668.4118
2022-11-24 02:00:00,1202.62,1210.0,1199.42,1200.18,36831.1833
2022-11-24 03:00:00,1200.17,1205.88,1197.31,1201.92,15813.8098
2022-11-24 04:00:00,1201.93,1205.94,1198.74,1203.25,16121.9788
2022-11-24 05:00:00,1203.25,1205.47,1199.63,1200.88,15479.6545
2022-11-24 06:00:00,1200.88,1217.05,1199.48,1214.01,37986.4801
2022-11-24 07:00:00,1214.0,1217.71,1206.26,1206.72,39850.4487
2022-11-24 08:00:00,1206.72,1208.35,1194.04,1199.81,30854.2881
2022-11-24 09:00:00,1199.8,1203.0,1195.7,1201.85,14096.3339
2022-11-24 10:00:00,1201.85,1204.35,1191.52,1196.73,20454.2945
2022-11-24 11:00:00,1196.74,1197.77,1192.9,1195.75,9114.5825
2022-11-24 12:00:00,1195.76,1201.82,1192.5,1194.54,17949.3692
2022-11-24 13:00:00,1194.54,1203.92,1192.89,1200.1,16169.9344
2022-11-24 14:00:00,1200.11,1200.5,1185.96,1193.82,22316.1451
2022-11-24 15:00:00,1193.82,1198.53,1190.0,1195.24,9537.6333
2022-11-24 16:00:00,1195.24,1207.59,1192.69,1201.02,25454.7178
2022-11-24 17:00:00,1201.03,1208.22,1198.68,1200.24,17699.0831
2022-11-24 18:00:00,1200.24,1205.36,1198.33,1204.11,12399.1223
2022-11-24 19:00:00,1204.1,1206.88,1201.09,1203.1,7613.3253
2022-11-24 20:00:00,1203.1,1205.82,1196.64,1198.1,20618.8662
2022-11-24 21:00:00,1198.1,1200.0,1193.78,1196.41,8505.3249
2022-11-24 22:00:00,1196.41,1205.01,1196.24,1203.47,7048.1718
2022-11-24 23:00:00,1203.47,1206.17,1200.12,1203.73,10924.1828
2022-11-25 00:00:00,1203.72,1204.98,1191.5,1194.28,16277.6675
2022-11-25 01:00:00,1194.28,1197.26,1191.64,1192.88,7779.8079
2022-11-25 02:00:00,1192.87,1193.15,1180.0,1187.3,37296.4062
2022-11-25 03:00:00,1187.3,1189.36,1185.19,1186.16,9792.2763
2022-11-25 04:00:00,1186.15,1187.92,1171.2,1175.52,31929.501
2022-11-25 05:00:00,1175.51,1177.45,1172.54,1173.08,22442.6192
2022-11-25 06:00:00,1173.09,1183.2,1171.9,1182.04,13666.2255
2022-11-25 07:00:00,1182.04,1186.49,1179.82,1185.01,16075.0873
2022-11-25 08:00:00,1185.01,1187.18,1178.66,1180.9,15327.6614
2022-11-25 09:00:00,1180.89,1183.99,1176.72,1179.09,13342.1033
2022-11-25 10:00:00,1179.08,1189.0,1175.6,1185.33,18253.4133
2022-11-25 11:00:00,1185.32,1198.98,1184.88,1193.26,24160.9174
2022-11-25 12:00:00,1193.27,1200.12,1190.83,1191.23,18828.7218
2022-11-25 13:00:00,1191.23,1192.95,1187.03,1190.0,12179.3114
2022-11-25 14:00:00,1190.01,1193.74,1181.09,1193.15,24311.8523
2022-11-25 15:00:00,1193.14,1195.7,1186.6,1189.8,19312.1134
2022-11-25 16:00:00,1189.8,1190.09,1183.0,1187.21,10936.1217
2022-11-25 17:00:00,1187.21,1194.2,1186.81,1191.49,8752.5186
2022-11-25 18:00:00,1191.49,1194.14,1189.19,1191.17,8433.252
2022-11-25 19:00:00,1191.17,1199.0,1190.91,1197.22,12629.4682
2022-11-25 20:00:00,1197.23,1207.77,1196.07,1199.67,21776.4192
2022-11-25 21:00:00,1199.67,1201.97,1198.76,1199.57,8566.3915
2022-11-25 22:00:00,1199.57,1202.19,1196.15,1199.26,7529.4812
2022-11-25 23:00:00,1199.27,1203.84,1195.71,1199.3,11830.8282
2022-11-26 00:00:00,1199.29,1209.86,1196.81,1206.53,21433.2759
2022-11-26 01:00:00,1206.52,1228.67,1205.97,1219.2,44673.6293
2022-11-26 02:00:00,1219.21,1225.15,1216.83,1218.22,19311.2244
2022-11-26 03:00:00,1218.23,1219.0,1214.36,1215.71,10797.5494
2022-11-26 04:00:00,1215.71,1225.78,1213.93,1222.97,34932.2034
2022-11-26 05:00:00,1222.97,1225.16,1220.01,1220.58,12554.8142
2022-11-26 06:00:00,1220.57,1220.58,1215.28,1216.9,9841.8417
2022-11-26 07:00:00,1216.9,1221.05,1212.35,1218.97,10130.5374
2022-11-26 08:00:00,1218.96,1220.95,1215.12,1216.27,8986.1803
2022-11-26 09:00:00,1216.27,1223.03,1216.26,1220.35,7896.4909
2022-11-26 10:00:00,1220.34,1227.76,1219.16,1220.07,16469.5958
2022-11-26 11:00:00,1220.07,1223.6,1217.84,1221.71,23351.0431
2022-11-26 12:00:00,1221.71,1222.44,1217.69,1219.26,9493.8813
2022-11-26 13:00:00,1219.25,1223.08,1218.6,1220.46,7628.5734
2022-11-26 14:00:00,1220.47,1235.66,1209.02,1214.27,35251.7644
2022-11-26 15:00:00,1214.27,1216.39,1206.27,1210.9,22365.0409
2022-11-26 16:00:00,1210.9,1213.92,1208.77,1209.76,11242.7631
2022-11-26 17:00:00,1209.75,1215.48,1207.74,1212.93,11500.8389
2022-11-26 18:00:00,1212.94,1213.89,1206.26,1208.29,10856.3039
2022-11-26 19:00:00,1208.3,1208.56,1201.88,1207.34,16660.1357
2022-11-26 20:00:00,1207.33,1209.11,1207.12,1208.12,5594.2249
2022-11-26 21:00:00,1208.12,1212.71,1208.12,1210.06,5703.7774
2022-11-26 22:00:00,1210.06,1210.42,1196.2,1201.32,10827.7041
2022-11-26 23:00:00,1201.32,1209.11,1199.79,1205.6,12337.4178
2022-11-27 00:00:00,1205.61,1209.31,1204.31,1206.19,7529.2613
2022-11-27 01:00:00,1206.18,1214.21,1205.9,1211.4,11609.5813
2022-11-27 02:00:00,1211.4,1216.56,1211.4,1215.35,11060.3623
2022-11-27 03:00:00,1215.35,1218.76,1213.92,1216.51,8711.488
2022-11-27 04:00:00,1216.5,1223.33,1214.32,1218.99,18396.9539
2022-11-27 05:00:00,1219.0,1221.19,1215.53,1216.86,8153.8135
2022-11-27 06:00:00,1216.87,1222.47,1216.53,1216.54,8011.1762
2022-11-27 07:00:00,1216.54,1220.01,1216.45,1216.9,7129.7585
2022-11-27 08:00:00,1216.9,1220.47,1210.76,1211.73,17481.1672
2022-11-27 09:00:00,1211.73,1213.84,1209.58,1210.43,11919.9178
2022-11-27 10:00:00,1210.43,1220.99,1209.63,1212.68,22904.6359
2022-11-27 11:00:00,1212.68,1216.67,1211.54,1215.31,10103.9007
2022-11-27 12:00:00,1215.31,1218.68,1212.38,1214.4,8459.6027
2022-11-27 13:00:00,1214.41,1215.03,1211.0,1212.58,8913.444
2022-11-27 14:00:00,1212.58,1216.0,1210.68,1212.86,7738.5148
2022-11-27 15:00:00,1212.86,1219.59,1207.47,1217.92,11494.4562
2022-11-27 16:00:00,1217.91,1220.8,1213.5,1213.82,8947.9536
2022-11-27 17:00:00,1213.81,1216.26,1211.86,1215.65,11199.4606
2022-11-27 18:00:00,1215.65,1218.54,1215.48,1217.59,10454.6303
2022-11-27 19:00:00,1217.58,1217.94,1211.11,1213.19,5816.3366
2022-11-27 20:00:00,1213.19,1214.66,1211.83,1213.55,7366.9644
2022-11-27 21:00:00,1213.55,1218.51,1213.24,1215.46,8025.7553
2022-11-27 22:00:00,1215.46,1217.65,1214.4,1216.25,5499.4698
2022-11-27 23:00:00,1216.24,1216.25,1188.65,1193.88,49458.1937
2022-11-28 00:00:00,1193.88,1199.25,1192.06,1194.79,14456.0447
2022-11-28 01:00:00,1194.8,1196.91,1159.71,1164.0,69921.4551
2022-11-28 02:00:00,1164.0,1171.05,1158.12,1163.81,59365.5698
2022-11-28 03:00:00,1163.8,1173.3,1163.04,1172.54,16408.7882
2022-11-28 04:00:00,1172.55,1179.01,1170.5,1174.29,20293.4293
2022-11-28 05:00:00,1174.28,1174.82,1166.6,1167.73,17450.15
2022-11-28 06:00:00,1167.72,1175.1,1167.26,1175.09,12012.2038
2022-11-28 07:00:00,1175.09,1175.29,1170.75,1174.03,11733.7964
2022-11-28 08:00:00,1174.02,1175.76,1171.1,1174.84,10562.1394
2022-11-28 09:00:00,1174.85,1176.5,1169.08,1171.71,13148.829
2022-11-28 10:00:00,1171.7,1171.71,1164.02,1167.86,13312.3961
2022-11-28 11:00:00,1167.86,1173.0,1167.41,1170.36,11547.0056
2022-11-28 12:00:00,1170.36,1174.71,1168.07,1170.43,14957.9754
2022-11-28 13:00:00,1170.42,1172.71,1167.54,1170.65,9253.5649
2022-11-28 14:00:00,1170.64,1182.71,1162.91,1166.85,28311.7693
2022-11-28 15:00:00,1166.86,1169.32,1155.0,1163.49,37912.3834
2022-11-28 16:00:00,1163.5,1184.98,1151.02,1177.02,50092.3905
2022-11-28 17:00:00,1177.03,1184.61,1171.1,1172.13,20601.3662
2022-11-28 18:00:00,1172.12,1174.84,1167.74,1168.21,9701.1749
2022-11-28 19:00:00,1168.14,1174.07,1165.52,1171.59,7528.0812
2022-11-28 20:00:00,1171.59,1175.47,1170.06,1174.68,6703.941
2022-11-28 21:00:00,1174.67,1175.17,1169.03,1172.77,7973.9187
2022-11-28 22:00:00,1172.77,1173.38,1170.0,1170.81,7967.4534
2022-11-28 23:00:00,1170.82,1171.94,1167.0,1167.77,7579.783
2022-11-29 00:00:00,1167.77,1170.06,1158.27,1167.11,22548.1795
2022-11-29 01:00:00,1167.11,1182.12,1165.41,1177.19,16975.6808
2022-11-29 02:00:00,1177.18,1189.99,1176.68,1182.57,20565.5468
2022-11-29 03:00:00,1182.57,1187.3,1181.62,1184.67,8830.3593
2022-11-29 04:00:00,1184.68,1207.44,1184.22,1197.87,41415.284
2022-11-29 05:00:00,1197.86,1215.0,1197.86,1208.15,44973.9818
2022-11-29 06:00:00,1208.15,1212.0,1203.36,1204.44,15755.6155
2022-11-29 07:00:00,1204.45,1213.69,1204.44,1207.08,16273.0808
2022-11-29 08:00:00,1207.08,1223.0,1205.01,1215.06,43800.1123
2022-11-29 09:00:00,1215.06,1219.25,1211.17,1217.53,21152.7964
2022-11-29 10:00:00,1217.53,1219.7,1213.13,1214.49,16452.4406
2022-11-29 11:00:00,1214.49,1222.5,1213.49,1217.32,28271.6841
2022-11-29 12:00:00,1217.32,1218.83,1214.23,1216.25,12957.0213
2022-11-29 13:00:00,1216.26,1216.26,1206.62,1209.71,24747.9998
2022-11-29 14:00:00,1209.71,1216.0,1202.96,1205.4,28040.2623
2022-11-29 15:00:00,1205.41,1217.61,1202.97,1208.72,22682.6402
2022-11-29 16:00:00,1208.72,1213.08,1202.97,1209.24,19660.1
2022-11-29 17:00:00,1209.23,1212.28,1205.37,1209.05,19638.2547
2022-11-29 18:00:00,1209.04,1216.45,1207.19,1215.37,11302.8729
2022-11-29 19:00:00,1215.38,1220.0,1214.26,1215.75,18952.5439
2022-11-29 20:00:00,1215.75,1228.37,1215.73,1222.5,23355.2231
2022-11-29 21:00:00,1222.49,1225.0,1219.0,1219.46,10480.2173
2022-11-29 22:00:00,1219.46,1223.99,1216.87,1223.17,9016.4711
2022-11-29 23:00:00,1223.17,1226.97,1215.36,1216.49,14295.2176
2022-11-30 00:00:00,1216.49,1283.47,1212.5,1274.77,118691.7528
2022-11-30 01:00:00,1274.76,1281.02,1266.08,1272.91,54070.2605
2022-11-30 02:00:00,1272.92,1283.01,1269.34,1271.02,44330.4118
2022-11-30 03:00:00,1271.01,1273.34,1263.84,1265.09,25161.5225
2022-11-30 04:00:00,1265.09,1270.76,1265.08,1270.09,21933.9189
2022-11-30 05:00:00,1270.08,1274.8,1267.91,1271.27,18627.5595
2022-11-30 06:00:00,1271.28,1271.98,1267.19,1269.18,15530.0347
2022-11-30 07:00:00,1269.17,1274.39,1268.16,1272.62,14736.4055
2022-11-30 08:00:00,1272.62,1277.34,1265.8,1268.37,20889.5813
2022-11-30 09:00:00,1268.37,1269.29,1261.2,1266.47,20356.1278
2022-11-30 10:00:00,1266.47,1267.77,1264.69,1264.69,6803.377
2022-11-30 11:00:00,1264.69,1268.14,1264.46,1266.72,8852.2442
2022-11-30 12:00:00,1266.73,1268.85,1255.1,1258.8,21709.2763
2022-11-30 13:00:00,1258.81,1272.5,1257.7,1262.53,42976.2657
2022-11-30 14:00:00,1262.54,1268.14,1261.76,1266.83,22970.048
2022-11-30 15:00:00,1266.82,1267.75,1262.38,1267.4,20579.8378
2022-11-30 16:00:00,1267.39,1279.4,1264.66,1273.41,45442.3325
2022-11-30 17:00:00,1273.42,1274.29,1261.24,1266.1,28429.3472
2022-11-30 18:00:00,1266.1,1286.51,1258.57,1278.25,80852.4063
2022-11-30 19:00:00,1278.26,1300.0,1278.01,1287.2,73361.3997
2022-11-30 20:00:00,1287.2,1295.76,1285.0,1295.29,20934.6132
2022-11-30 21:00:00,1295.29,1299.0,1287.73,1297.07,23886.5728
2022-11-30 22:00:00,1297.07,1309.77,1292.24,1298.91,26308.0122
2022-11-30 23:00:00,1298.9,1306.51,1290.84,1294.46,38245.9635
2022-12-01 00:00:00,1294.46,1295.88,1286.21,1290.21,23868.0669
2022-12-01 01:00:00,1290.21,1292.74,1282.85,1285.77,15537.1703
2022-12-01 02:00:00,1285.77,1289.21,1281.2,1286.7,16455.182
2022-12-01 03:00:00,1286.71,1291.0,1286.39,1288.02,17008.9651
2022-12-01 04:00:00,1288.02,1289.42,1282.44,1283.79,18164.491
2022-12-01 05:00:00,1283.78,1286.88,1276.13,1282.49,18136.6526
2022-12-01 06:00:00,1282.5,1286.12,1282.07,1284.52,12182.8287
2022-12-01 07:00:00,1284.52,1284.81,1278.6,1278.76,10757.5571
2022-12-01 08:00:00,1278.76,1286.33,1277.28,1283.79,15026.6409
2022-12-01 09:00:00,1283.79,1284.03,1278.26,1283.66,19419.0088
2022-12-01 10:00:00,1283.67,1285.08,1279.76,1280.37,20227.0064
2022-12-01 11:00:00,1280.37,1283.0,1277.58,1282.94,18733.1362
2022-12-01 12:00:00,1282.94,1290.36,1282.83,1288.44,23187.8262
2022-12-01 13:00:00,1288.44,1299.9,1269.49,1279.05,55098.9805
2022-12-01 14:00:00,1279.05,1283.24,1271.0,1279.96,28929.0702
2022-12-01 15:00:00,1279.96,1284.8,1262.77,1271.54,40635.4218
2022-12-01 16:00:00,1271.54,1274.62,1265.52,1272.46,16344.2087
2022-12-01 17:00:00,1272.46,1275.93,1268.65,1274.84,9520.15
2022-12-01 18:00:00,1274.83,1278.69,1271.88,1274.87,10094.0153
2022-12-01 19:00:00,1274.88,1277.53,1272.44,1275.91,6089.652
2022-12-01 20:00:00,1275.91,1276.09,1271.72,1272.13,5357.0797
2022-12-01 21:00:00,1272.12,1277.48,1267.06,1276.13,11890.492
2022-12-01 22:00:00,1276.12,1283.94,1274.57,1277.5,9568.7343
2022-12-01 23:00:00,1277.51,1279.28,1273.0,1276.41,7786.4024
2022-12-02 00:00:00,1276.4,1283.4,1273.82,1282.6,13533.2239
2022-12-02 01:00:00,1282.59,1284.75,1266.14,1272.67,19848.0623
2022-12-02 02:00:00,1272.66,1274.63,1265.24,1271.87,17500.3797
2022-12-02 03:00:00,1271.86,1274.95,1270.83,1271.69,7080.4034
2022-12-02 04:00:00,1271.69,1274.24,1268.0,1272.47,13377.5517
2022-12-02 05:00:00,1272.47,1275.29,1271.0,1273.13,9247.298
2022-12-02 06:00:00,1273.12,1276.98,1270.84,1271.44,10456.354
2022-12-02 07:00:00,1271.43,1278.26,1270.93,1275.68,11619.2902
2022-12-02 08:00:00,1275.68,1280.0,1273.56,1277.2,12927.7673
2022-12-02 09:00:00,1277.21,1281.27,1276.24,1277.83,6269.0816
2022-12-02 10:00:00,1277.83,1280.86,1277.57,1280.86,7401.4703
2022-12-02 11:00:00,1280.86,1294.53,1278.71,1288.83,34305.2024
2022-12-02 12:00:00,1288.82,1294.48,1286.54,1290.84,10297.6319
2022-12-02 13:00:00,1290.85,1297.18,1268.0,1276.86,84860.1934
2022-12-02 14:00:00,1276.86,1284.97,1272.0,1279.73,21978.703
2022-12-02 15:00:00,1279.72,1286.66,1277.85,1278.96,13484.1788
2022-12-02 16:00:00,1278.97,1279.43,1274.29,1278.48,12284.5651
2022-12-02 17:00:00,1278.48,1283.13,1277.89,1279.71,10347.1474
2022-12-02 18:00:00,1279.72,1284.43,1278.95,1282.07,6861.7685
2022-12-02 19:00:00,1282.08,1288.32,1279.83,1287.32,7353.5521
2022-12-02 20:00:00,1287.31,1293.85,1286.38,1291.2,10802.8619
2022-12-02 21:00:00,1291.21,1296.97,1289.79,1290.91,12483.1603
2022-12-02 22:00:00,1290.9,1294.39,1290.13,1290.58,7091.6568
2022-12-02 23:00:00,1290.57,1296.22,1289.8,1295.59,10148.081
2022-12-03 00:00:00,1295.58,1309.0,1287.92,1291.68,34662.7126
2022-12-03 01:00:00,1291.67,1291.8,1286.48,1288.58,8170.2595
2022-12-03 02:00:00,1288.58,1289.77,1284.31,1287.09,7611.1908
2022-12-03 03:00:00,1287.1,1287.1,1282.43,1285.85,8744.0676
2022-12-03 04:00:00,1285.84,1289.52,1284.73,1286.89,16048.767
2022-12-03 05:00:00,1286.9,1290.56,1286.89,1288.42,9857.9908
2022-12-03 06:00:00,1288.42,1288.95,1281.31,1284.94,13935.1487
2022-12-03 07:00:00,1284.93,1285.52,1273.36,1276.08,26646.3722
2022-12-03 08:00:00,1276.08,1277.15,1266.79,1269.38,31694.4782
2022-12-03 09:00:00,1269.4,1274.44,1265.82,1273.55,19440.294
2022-12-03 10:00:00,1273.55,1273.55,1269.58,1271.33,6673.0088
2022-12-03 11:00:00,1271.33,1271.33,1260.54,1269.39,16878.8151
2022-12-03 12:00:00,1269.4,1272.65,1268.22,1272.38,7587.115
2022-12-03 13:00:00,1272.37,1273.33,1269.97,1271.1,6436.281
2022-12-03 14:00:00,1271.11,1271.85,1266.52,1269.01,8677.327
2022-12-03 15:00:00,1269.02,1275.2,1268.41,1271.04,10969.8277
2022-12-03 16:00:00,1271.04,1271.44,1267.39,1267.86,7590.3865
2022-12-03 17:00:00,1267.85,1271.0,1264.28,1270.82,11619.9875
2022-12-03 18:00:00,1270.82,1271.48,1268.0,1269.94,5403.9455
2022-12-03 19:00:00,1269.94,1270.62,1262.34,1266.19,8776.6646
2022-12-03 20:00:00,1266.2,1266.64,1261.43,1264.66,6974.6194
2022-12-03 21:00:00,1264.66,1264.72,1252.56,1261.24,19814.3084
2022-12-03 22:00:00,1261.24,1261.44,1236.26,1242.01,34400.239
2022-12-03 23:00:00,1242.02,1243.1,1236.91,1240.51,18534.4519
2022-12-04 00:00:00,1240.5,1253.21,1240.1,1251.18,16651.0302
2022-12-04 01:00:00,1251.19,1263.73,1243.86,1256.29,23653.5199
2022-12-04 02:00:00,1256.28,1260.82,1253.66,1259.61,11437.4125
2022-12-04 03:00:00,1259.6,1259.88,1255.13,1257.04,11343.6306
2022-12-04 04:00:00,1257.03,1266.6,1257.03,1262.56,13324.9835
2022-12-04 05:00:00,1262.56,1267.35,1258.45,1260.08,16326.386
2022-12-04 06:00:00,1260.07,1261.29,1256.33,1257.5,7741.4405
2022-12-04 07:00:00,1257.49,1258.02,1253.5,1257.03,9612.3907
2022-12-04 08:00:00,1257.02,1263.65,1253.07,1258.41,13844.7504
2022-12-04 09:00:00,1258.41,1261.86,1256.81,1257.3,8154.8943
2022-12-04 10:00:00,1257.31,1259.62,1255.92,1258.06,7840.2209
2022-12-04 11:00:00,1258.06,1258.5,1251.64,1254.94,12132.0858
2022-12-04 12:00:00,1254.94,1257.72,1249.65,1257.08,12567.3867
2022-12-04 13:00:00,1257.07,1257.27,1250.88,1254.53,10195.311
2022-12-04 14:00:00,1254.53,1261.56,1250.73,1259.55,14660.9766
2022-12-04 15:00:00,1259.55,1262.48,1256.68,1259.83,11594.4044
2022-12-04 16:00:00,1259.84,1266.58,1257.81,1259.38,10961.184
2022-12-04 17:00:00,1259.38,1269.97,1256.65,1268.95,11566.8899
2022-12-04 18:00:00,1268.96,1278.64,1266.8,1273.24,35011.6882
2022-12-04 19:00:00,1273.24,1282.76,1269.76,1278.5,25616.455
2022-12-04 20:00:00,1278.49,1283.0,1276.62,1277.58,9175.4344
2022-12-04 21:00:00,1277.57,1277.88,1274.39,1276.54,8242.715
2022-12-04 22:00:00,1276.54,1277.01,1272.31,1275.59,6294.3181
2022-12-04 23:00:00,1275.6,1287.19,1275.25,1279.41,16180.038
2022-12-05 00:00:00,1279.4,1294.4,1276.68,1288.75,24822.4262
2022-12-05 01:00:00,1288.74,1292.08,1286.26,1290.7,10556.5305
2022-12-05 02:00:00,1290.69,1297.58,1289.12,1292.15,18388.878
2022-12-05 03:00:00,1292.15,1297.44,1290.14,1290.85,21473.068
2022-12-05 04:00:00,1290.86,1303.81,1289.75,1300.64,21990.5082
2022-12-05 05:00:00,1300.64,1304.77,1295.1,1297.31,14463.5339
2022-12-05 06:00:00,1297.31,1297.91,1294.32,1295.79,12318.3115
2022-12-05 07:00:00,1295.8,1300.2,1293.7,1297.08,9997.7246
2022-12-05 08:00:00,1297.09,1305.11,1295.66,1301.64,25027.3709
2022-12-05 09:00:00,1301.65,1301.91,1292.17,1294.3,16196.0574
2022-12-05 10:00:00,1294.31,1297.86,1291.86,1296.01,7824.0201
2022-12-05 11:00:00,1296.01,1296.97,1293.21,1295.13,8101.8718
2022-12-05 12:00:00,1295.13,1295.13,1287.31,1290.31,14033.6025
2022-12-05 13:00:00,1290.32,1292.37,1282.28,1285.83,12326.3446
2022-12-05 14:00:00,1285.82,1287.99,1280.94,1285.11,11883.976
2022-12-05 15:00:00,1285.1,1285.11,1259.19,1266.59,47353.0037
2022-12-05 16:00:00,1266.59,1269.55,1255.0,1259.74,24392.598
2022-12-05 17:00:00,1259.74,1265.88,1253.12,1264.73,16915.0848
2022-12-05 18:00:00,1264.74,1270.24,1261.27,1262.31,14042.533
2022-12-05 19:00:00,1262.3,1263.68,1246.61,1253.67,27114.9972
2022-12-05 20:00:00,1253.67,1257.31,1251.76,1256.51,10698.1772
2022-12-05 21:00:00,1256.5,1260.01,1255.95,1259.65,7140.4684
2022-12-05 22:00:00,1259.64,1260.64,1256.75,1259.1,5265.5236
2022-12-05 23:00:00,1259.1,1260.55,1255.0,1259.41,9301.9065
2022-12-06 00:00:00,1259.41,1267.15,1259.38,1266.6,14538.3811
2022-12-06 01:00:00,1266.6,1270.08,1263.38,1263.56,11465.9881
2022-12-06 02:00:00,1263.55,1267.24,1263.46,1265.51,7995.642
2022-12-06 03:00:00,1265.5,1268.61,1260.92,1261.82,9289.5928
2022-12-06 04:00:00,1261.81,1262.79,1257.4,1261.33,6884.2732
2022-12-06 05:00:00,1261.32,1261.34,1256.0,1256.76,6370.6814
2022-12-06 06:00:00,1256.75,1262.31,1254.4,1260.68,8220.8416
2022-12-06 07:00:00,1260.67,1263.1,1258.18,1260.39,6431.6761
2022-12-06 08:00:00,1260.39,1264.97,1255.77,1262.71,11584.9727
2022-12-06 09:00:00,1262.7,1263.08,1255.12,1255.77,10105.6556
2022-12-06 10:00:00,1255.77,1258.09,1248.37,1252.36,19147.749
2022-12-06 11:00:00,1252.37,1257.12,1242.0,1256.08,20616.0557
2022-12-06 12:00:00,1256.09,1260.0,1254.84,1257.79,10621.281
2022-12-06 13:00:00,1257.78,1262.16,1253.36,1253.96,13399.9235
2022-12-06 14:00:00,1253.95,1259.15,1249.34,1251.27,16736.8213
2022-12-06 15:00:00,1251.28,1256.99,1244.92,1254.4,23153.6295
2022-12-06 16:00:00,1254.39,1259.24,1253.4,1255.02,9529.6009
2022-12-06 17:00:00,1255.03,1256.69,1249.24,1251.7,10742.2008
2022-12-06 18:00:00,1251.7,1253.29,1244.86,1249.23,17126.1836
2022-12-06 19:00:00,1249.23,1250.69,1241.56,1250.13,17518.1412
2022-12-06 20:00:00,1250.12,1255.0,1247.71,1253.02,9368.7573
2022-12-06 21:00:00,1253.03,1256.66,1251.81,1255.81,6425.7279
2022-12-06 22:00:00,1255.81,1256.5,1252.21,1252.88,4572.8927
2022-12-06 23:00:00,1252.88,1274.76,1252.87,1271.32,29785.17
2022-12-07 00:00:00,1271.31,1278.69,1266.84,1268.8,17477.2375
2022-12-07 01:00:00,1268.81,1270.1,1262.82,1265.13,9941.5325
2022-12-07 02:00:00,1265.14,1268.1,1263.94,1265.58,6373.7739
2022-12-07 03:00:00,1265.57,1265.58,1259.08,1262.27,7276.2911
2022-12-07 04:00:00,1262.28,1264.81,1260.79,1263.31,8377.411
2022-12-07 05:00:00,1263.3,1263.57,1258.46,1260.28,9966.5937
2022-12-07 06:00:00,1260.29,1260.74,1248.0,1250.22,22013.3918
2022-12-07 07:00:00,1250.23,1251.25,1219.0,1224.63,75242.0217
2022-12-07 08:00:00,1224.63,1230.74,1218.01,1228.95,35315.4944
2022-12-07 09:00:00,1228.95,1230.8,1227.0,1230.79,13569.8921
2022-12-07 10:00:00,1230.79,1230.8,1225.73,1229.97,13005.2759
2022-12-07 11:00:00,1229.96,1230.28,1223.12,1224.97,13568.3344
2022-12-07 12:00:00,1224.96,1227.23,1219.21,1224.34,30654.3219
2022-12-07 13:00:00,1224.33,1235.4,1224.01,1232.75,20493.2278
2022-12-07 14:00:00,1232.75,1239.94,1231.69,1233.41,16863.3954
2022-12-07 15:00:00,1233.4,1236.0,1227.8,1233.85,19573.4539
2022-12-07 16:00:00,1233.85,1235.4,1227.0,1229.35,16569.9265
2022-12-07 17:00:00,1229.35,1233.0,1227.87,1231.09,7092.3152
2022-12-07 18:00:00,1231.1,1237.48,1229.03,1229.04,10887.7334
2022-12-07 19:00:00,1229.04,1233.8,1228.16,1232.11,8535.1972
2022-12-07 20:00:00,1232.12,1235.0,1229.51,1231.75,5164.491
2022-12-07 21:00:00,1231.75,1233.39,1229.03,1232.36,6848.1541
2022-12-07 22:00:00,1232.37,1232.37,1222.1,1230.39,14064.8863
2022-12-07 23:00:00,1230.38,1234.81,1229.16,1231.18,9685.1639
2022-12-08 00:00:00,1231.18,1236.82,1226.69,1227.17,11743.72
2022-12-08 01:00:00,1227.16,1230.19,1222.01,1227.13,14185.7782
2022-12-08 02:00:00,1227.12,1238.93,1226.25,1232.91,13834.8979
2022-12-08 03:00:00,1232.92,1236.07,1231.18,1231.86,9585.9533
2022-12-08 04:00:00,1231.87,1233.1,1226.6,1228.09,11862.2803
2022-12-08 05:00:00,1228.08,1229.47,1225.86,1228.84,6898.9498
2022-12-08 06:00:00,1228.85,1230.0,1224.64,1228.81,8387.4462
2022-12-08 07:00:00,1228.81,1235.78,1228.59,1232.73,10241.1718
2022-12-08 08:00:00,1232.73,1235.0,1231.56,1233.71,8786.4634
2022-12-08 09:00:00,1233.72,1234.59,1229.01,1229.98,14555.8447
2022-12-08 10:00:00,1229.99,1235.68,1229.95,1233.27,9425.1884
2022-12-08 11:00:00,1233.26,1245.41,1228.2,1240.4,30875.6945
2022-12-08 12:00:00,1240.4,1245.43,1237.74,1239.18,15593.5208
2022-12-08 13:00:00,1239.19,1244.86,1235.97,1244.69,12959.7211
2022-12-08 14:00:00,1244.69,1248.75,1240.58,1247.55,17411.3347
2022-12-08 15:00:00,1247.54,1253.65,1245.5,1249.91,29394.2271
2022-12-08 16:00:00,1249.91,1253.0,1248.71,1251.1,11291.0433
2022-12-08 17:00:00,1251.09,1256.38,1249.48,1254.52,13321.8601
2022-12-08 18:00:00,1254.53,1292.58,1252.19,1287.3,59955.6242
2022-12-08 19:00:00,1287.3,1291.77,1279.1,1283.9,32723.0209
2022-12-08 20:00:00,1283.9,1285.94,1275.78,1278.95,27286.6546
2022-12-08 21:00:00,1278.94,1280.12,1276.45,1278.42,11589.5154
2022-12-08 22:00:00,1278.43,1286.44,1278.35,1284.3,11438.3565
2022-12-08 23:00:00,1284.3,1286.36,1279.78,1280.18,13305.2775
2022-12-09 00:00:00,1280.18,1280.73,1273.13,1277.02,15836.2843
2022-12-09 01:00:00,1277.02,1290.91,1276.17,1281.51,42746.4635
2022-12-09 02:00:00,1281.51,1287.94,1279.1,1281.06,13861.7456
2022-12-09 03:00:00,1281.07,1285.91,1281.06,1283.98,11242.1442
2022-12-09 04:00:00,1283.97,1285.83,1281.39,1283.57,9369.2588
2022-12-09 05:00:00,1283.58,1283.9,1280.5,1280.96,6842.8272
2022-12-09 06:00:00,1280.96,1281.04,1277.5,1279.71,15289.3759
2022-12-09 07:00:00,1279.71,1283.7,1279.41,1282.43,11857.4412
2022-12-09 08:00:00,1282.44,1282.66,1278.89,1280.18,7268.5297
2022-12-09 09:00:00,1280.19,1290.0,1279.47,1285.01,17186.9004
2022-12-09 10:00:00,1285.0,1292.95,1281.84,1284.9,20109.7043
2022-12-09 11:00:00,1284.9,1291.18,1283.14,1287.83,15506.0163
2022-12-09 12:00:00,1287.84,1296.64,1279.03,1286.05,36516.7683
2022-12-09 13:00:00,1286.06,1286.71,1250.0,1275.03,59561.877
2022-12-09 14:00:00,1275.04,1275.71,1265.4,1272.96,20448.0986
2022-12-09 15:00:00,1272.97,1277.67,1271.2,1277.6,14394.719
2022-12-09 16:00:00,1277.6,1278.0,1274.24,1275.31,11157.2289
2022-12-09 17:00:00,1275.32,1275.8,1272.0,1274.11,6968.3416
2022-12-09 18:00:00,1274.12,1274.22,1266.16,1268.85,11558.9997
2022-12-09 19:00:00,1268.85,1269.24,1263.4,1269.05,10651.6069
2022-12-09 20:00:00,1269.06,1269.25,1260.32,1262.37,15555.3379
2022-12-09 21:00:00,1262.36,1263.52,1255.83,1260.02,19315.8213
2022-12-09 22:00:00,1260.03,1264.14,1259.62,1264.13,7236.6368
2022-12-09 23:00:00,1264.14,1265.45,1261.44,1263.1,5525.8758
2022-12-10 00:00:00,1263.11,1267.15,1261.52,1264.3,10146.2642
2022-12-10 01:00:00,1264.29,1268.6,1264.29,1265.55,5360.1341
2022-12-10 02:00:00,1265.56,1266.1,1262.38,1263.53,5569.9636
2022-12-10 03:00:00,1263.53,1265.57,1262.13,1265.2,6211.6522
2022-12-10 04:00:00,1265.2,1266.37,1263.45,1264.23,4613.8075
2022-12-10 05:00:00,1264.22,1265.3,1263.09,1263.09,2911.861
2022-12-10 06:00:00,1263.09,1265.9,1262.55,1265.18,3882.7734
2022-12-10 07:00:00,1265.19,1266.67,1264.57,1264.57,4521.147
2022-12-10 08:00:00,1264.58,1266.31,1262.75,1263.31,5938.4826
2022-12-10 09:00:00,1263.32,1265.56,1259.6,1265.18,9469.6657
2022-12-10 10:00:00,1265.17,1267.0,1264.68,1265.43,5541.1315
2022-12-10 11:00:00,1265.43,1267.67,1264.76,1266.18,5735.5291
2022-12-10 12:00:00,1266.19,1267.81,1265.35,1266.64,3799.8026
2022-12-10 13:00:00,1266.64,1273.06,1263.61,1268.04,13023.7611
2022-12-10 14:00:00,1268.03,1274.23,1266.77,1271.69,12496.2157
2022-12-10 15:00:00,1271.7,1279.26,1271.1,1278.26,17404.2918
2022-12-10 16:00:00,1278.26,1283.61,1273.31,1274.21,13827.7615
2022-12-10 17:00:00,1274.21,1275.77,1266.48,1267.49,8878.5757
2022-12-10 18:00:00,1267.49,1272.79,1267.49,1272.25,10535.0047
2022-12-10 19:00:00,1272.26,1274.17,1270.46,1272.2,6560.5719
2022-12-10 20:00:00,1272.21,1273.68,1270.68,1273.16,4700.9514
2022-12-10 21:00:00,1273.15,1273.47,1267.94,1267.94,4421.8119
2022-12-10 22:00:00,1267.94,1270.51,1267.2,1269.12,4318.1545
2022-12-10 23:00:00,1269.13,1270.88,1261.95,1266.35,12409.3249
2022-12-11 00:00:00,1266.35,1269.18,1265.4,1268.36,5177.3985
2022-12-11 01:00:00,1268.35,1271.43,1267.88,1271.24,5628.0909
2022-12-11 02:00:00,1271.23,1271.84,1269.92,1269.99,3106.4563
2022-12-11 03:00:00,1270.0,1273.37,1269.11,1272.68,6671.6103
2022-12-11 04:00:00,1272.67,1274.15,1272.36,1273.47,3765.0285
2022-12-11 05:00:00,1273.48,1278.13,1272.79,1275.68,8829.9661
2022-12-11 06:00:00,1275.68,1278.08,1273.8,1273.8,4680.2145
2022-12-11 07:00:00,1273.81,1277.16,1273.23,1276.49,6797.4141
2022-12-11 08:00:00,1276.49,1277.17,1272.77,1274.16,4691.1765
2022-12-11 09:00:00,1274.15,1274.24,1270.82,1271.99,3949.8844
2022-12-11 10:00:00,1271.99,1273.7,1271.08,1272.79,4741.5348
2022-12-11 11:00:00,1272.79,1273.62,1271.13,1273.45,4095.5719
2022-12-11 12:00:00,1273.44,1274.98,1271.72,1274.52,4090.6705
2022-12-11 13:00:00,1274.52,1275.98,1271.05,1272.67,6361.4255
2022-12-11 14:00:00,1272.67,1272.67,1269.1,1272.58,7717.9988
2022-12-11 15:00:00,1272.57,1274.0,1271.51,1273.38,4009.7801
2022-12-11 16:00:00,1273.38,1274.97,1271.0,1273.83,5141.6244
2022-12-11 17:00:00,1273.84,1275.81,1273.12,1274.27,4364.4243
2022-12-11 18:00:00,1274.28,1280.0,1273.3,1279.49,9439.0627
2022-12-11 19:00:00,1279.48,1284.75,1271.68,1274.39,21679.1197
2022-12-11 20:00:00,1274.38,1274.39,1262.72,1265.57,22789.6373
2022-12-11 21:00:00,1265.57,1269.06,1263.17,1264.99,6784.6057
2022-12-11 22:00:00,1264.99,1265.0,1263.22,1263.23,368.118
